y_truth,y_pred
-0.17010584,-0.22808708
-0.46131235,-0.5502688
0.0,0.040472116
0.0,-0.025525417
0.0,-0.09051634
1.429398,1.3683921
1.0825312,0.989674
-0.83500946,-0.8613518
-0.13657153,-0.21470813
-0.41935694,-0.41277373
0.0,0.051412392
0.0,-0.018257543
0.0,-0.09589112
1.3427118,1.2662853
1.0825312,1.0439
-0.5377378,-0.70932597
-0.099208646,-0.19657426
-0.3883022,-0.26776496
0.0,0.045329574
0.0,-0.007760953
0.0,-0.077753484
1.2842346,1.202536
1.0825312,1.0661113
-0.41316125,-0.43165997
-0.059802383,-0.16393162
-0.3659651,-0.15532216
0.0,0.01999801
0.0,-0.0046407785
0.0,-0.047872476
1.2290558,1.178419
1.0825312,1.0627627
-0.57536894,-0.31809947
-0.021504398,-0.1216172
-0.3606172,-0.115137294
0.0,-0.00012655184
0.0,-0.003399415
0.0,-0.027936552
1.0347309,1.1596198
1.0825312,1.0567783
-3.3854778,-0.5545747
0.014340875,-0.004589174
-0.39634565,-0.22715253
0.0,0.0108390935
0.0,0.03169739
0.0,-0.013203368
0.7185376,0.5736492
1.0825312,0.9065689
-1.5885451,-2.9969187
0.03105595,-0.06162308
-0.46125096,-0.38183203
0.0,-0.0021971837
0.0,0.0043486264
0.0,-0.035252046
0.57071626,0.7276661
1.0825312,1.032483
-0.75604737,-0.90272236
0.03605093,0.0085844435
-0.5321967,-0.4137595
0.0,-0.0017248094
0.0,0.009077148
0.0,-0.03731135
0.5017251,0.5236985
1.0825312,1.1058561
-0.36727095,-0.27014217
0.036176514,0.047245476
-0.6036635,-0.4634014
0.0,-0.011231538
0.0,0.011206083
0.0,-0.021897402
0.4693658,0.41017145
1.0825312,1.1259501
-0.18561359,0.080472134
0.033995006,0.06647
-0.67501473,-0.5289908
0.0,-0.017163504
0.0,0.012651222
0.0,-0.009342231
0.4539573,0.37652394
1.0825312,1.1195905
-0.09934293,0.21659705
0.030725202,0.06538722
-0.7462324,-0.6034619
0.0,-0.016916864
0.0,0.01484326
0.0,-0.0016065389
0.44671658,0.39148504
1.0825312,1.1056892
-0.058951665,0.24834654
0.026942557,0.054497223
-0.81737024,-0.67380196
0.0,-0.013056181
0.0,0.016779331
0.0,0.0035404619
0.44331196,0.42103317
1.0825312,1.0915805
-0.04001335,0.24337034
0.022917626,0.043697234
-0.8884656,-0.7392218
0.0,-0.007727742
0.0,0.017944485
0.0,0.00747801
0.4416673,0.44712645
1.0825312,1.0809692
-0.023835406,0.23084912
0.018778102,0.03778093
-0.9595402,-0.8037047
0.0,-0.0021144748
0.0,0.01845092
0.0,0.010781909
0.44089907,0.4635883
1.0825312,1.0740727
-0.023835406,0.2260052
0.014584516,0.040286962
-1.030605,-0.8696728
0.0,0.003538791
0.0,0.019004934
0.0,0.013785451
0.44056427,0.4701287
1.0825312,1.068375
-0.023835406,0.2034391
0.010361636,0.046607923
-1.101736,-0.937597
0.0,0.010989081
0.0,0.020191636
0.0,0.015609431
0.44038096,0.47074997
1.0825312,1.0623653
-0.023835406,0.17454801
0.00613176,0.04565339
-1.1727937,-1.0063221
0.0,0.016943391
0.0,0.022269594
0.0,0.017551314
0.4403018,0.46788567
1.0825312,1.0602161
-0.023835406,0.15434343
0.0018972569,0.041474026
-1.2438507,-1.0767795
0.0,0.022088546
0.0,0.02493973
0.0,0.019468442
0.44030014,0.46264952
1.0825312,1.059486
-0.023835406,0.13807584
-0.0023428123,0.03610644
-1.3149785,-1.1490018
0.0,0.027006175
0.0,0.027891148
0.0,0.021447537
0.44028553,0.45587203
1.0825312,1.0588198
-0.023835406,0.12271942
-0.006578189,0.030366022
-1.3860352,-1.2227358
0.0,0.031926718
0.0,0.03097966
0.0,0.023469344
0.44028124,0.44782528
1.0825312,1.0577437
-0.023835406,0.10749632
-0.010812214,0.02462719
-1.4570919,-1.2976669
0.0,0.036907356
0.0,0.03413355
0.0,0.025481466
0.4403159,0.4386775
1.0825312,1.0561901
-0.023835406,0.09242941
-0.015044292,0.019098092
-1.5281495,-1.3735329
0.0,0.041931454
0.0,0.037311897
0.0,0.027456312
0.44033882,0.4286429
1.0825312,1.0541774
-0.023835406,0.07769863
-0.019273687,0.013929289
-1.5992073,-1.450031
0.0,0.04693426
0.0,0.040477842
0.0,0.029390534
0.44034955,0.4179425
1.0825312,1.0517243
-0.023835406,0.063507736
-0.023499811,0.009248909
-1.6702652,-1.5268127
0.0,0.051821265
0.0,0.04359375
0.0,0.03130573
0.4403977,0.40688777
1.0825312,1.0488315
-0.023835406,0.050053947
-0.027721886,0.005166225
-1.7413245,-1.6034466
0.0,0.05649754
0.0,0.046630975
0.0,0.03322392
0.44045514,0.39588365
1.0825312,1.045504
-0.023835406,0.037471324
-0.03193824,0.0017448552
-1.8123846,-1.6794728
0.0,0.060862068
0.0,0.04956269
0.0,0.03517647
0.44050047,0.38533106
1.0825312,1.0417343
-0.023835406,0.025841992
-0.036145825,-0.0009792298
-1.8834457,-1.7544259
0.0,0.06483117
0.0,0.05236895
0.0,0.03718908
0.440627,0.3756149
1.0825312,1.0375236
-0.023835406,0.015193287
-0.04039981,-0.0030026734
-1.9545597,-1.8278811
0.0,0.068342224
0.0,0.05503721
0.0,0.0392776
0.42344776,0.3671722
1.0825312,1.0328745
-3.5410497,0.005479783
-0.0590259,0.31834096
-2.0183861,-1.8791014
0.0,0.0025882237
0.0,0.059952393
0.0,0.020051606
0.09289683,0.058389395
1.0825312,0.86448395
-1.6610526,-2.9737914
-0.09579389,-0.0111801885
-2.0503588,-1.904612
0.0,0.04141065
0.0,0.049674917
0.0,0.0069666486
-0.061842874,0.5374813
1.0825312,0.8988717
-0.7903726,-0.83305585
-0.13682686,-0.023604553
-2.0608194,-1.9922068
0.0,0.046153102
0.0,0.0478535
0.0,0.008116883
-0.13406953,0.13525371
1.0825312,0.975241
-0.38336676,-0.18034387
-0.17829785,-0.024209388
-2.0625105,-2.0051856
0.0,0.051570516
0.0,0.06384678
0.0,0.02706528
2.412622,-0.15543804
1.0825312,0.9848514
-0.1933863,0.12171121
-0.21974686,-0.15064853
-2.0600467,-2.0168602
0.0,-0.023103185
0.0,0.053529646
0.0,0.032233194
2.3964877,1.4045597
1.0825312,0.77196324
-0.1030745,0.110972956
-0.26113388,-0.22969544
-2.055613,-2.0412047
0.0,-0.05988835
0.0,0.014431836
0.0,0.022761457
2.3888915,1.9983219
1.0825312,0.8159233
-0.06069265,-0.17812404
-0.3024813,-0.28082132
-2.050254,-1.9527817
0.0,-0.04061916
0.0,0.0039813947
0.0,0.01722531
2.385313,2.1320772
1.0825312,0.87605304
-0.04079308,-0.22953929
-0.34380782,-0.31684023
-2.0444586,-1.8337427
0.0,-0.021693617
0.0,0.0003171265
0.0,0.011233262
2.3836253,2.1357417
1.0825312,0.9156626
-0.023835406,-0.23285453
-0.38512293,-0.35021076
-2.0384572,-1.7431946
0.0,-0.009888496
0.0,0.00035127625
0.0,0.0070212707
2.382825,2.1252143
1.0825312,0.93683773
-0.023835406,-0.22459315
-0.42643306,-0.3808817
-2.0323586,-1.6855947
0.0,-0.004693415
0.0,0.0013872953
0.0,0.0043742284
2.3824477,2.1207485
1.0825312,0.94648576
-0.023835406,-0.2208846
-0.46774134,-0.40893444
-2.0262144,-1.6451068
0.0,-0.0024937727
0.0,0.0031564645
0.0,0.004242385
2.3822742,2.1231472
1.0825312,0.9506361
-0.023835406,-0.20951863
-0.5090891,-0.4399074
-2.0200434,-1.6237851
0.0,-0.0035326742
0.0,0.0043482175
0.0,0.0038918667
2.3821964,2.1312191
1.0825312,0.9519457
-0.023835406,-0.19287813
0.6126489,0.6328988
0.34653872,0.4923475
0.0,-0.0013632327
0.0,0.019618034
0.0,-0.022848964
-1.5809829,-1.4429084
0.563482,0.725248
0.004409692,0.21417962
0.5811995,0.60350496
0.31332433,0.38384852
0.0,0.0017922409
0.0,0.009178444
0.0,-0.029254239
-1.5778537,-1.4281285
0.563482,0.68963605
-0.0062145917,0.08363755
0.5499002,0.5664843
0.27981126,0.31374526
0.0,0.000961788
0.0,0.004004417
0.0,-0.02883298
-1.5758492,-1.4214511
0.563482,0.65621144
-0.023835406,0.019009667
0.5186762,0.53290325
0.24608856,0.2659097
0.0,-0.00012854859
0.0,0.0014125882
0.0,-0.027700774
-1.5745935,-1.4170833
0.563482,0.6419414
-0.023835406,-0.020761084
0.48749983,0.4999776
0.21223287,0.22690426
0.0,-0.0013146661
0.0,0.00021800585
0.0,-0.026594855
-1.5737984,-1.4095937
0.563482,0.6397713
-0.023835406,-0.021649364
0.45635375,0.46840286
0.1782929,0.19104744
0.0,-0.002069749
0.0,-0.0006686039
0.0,-0.025569376
-1.5732973,-1.4055393
0.563482,0.6399979
-0.023835406,-0.022134956
0.42522755,0.43801326
0.14430054,0.1562408
0.0,-0.002474919
0.0,-0.0012125615
0.0,-0.024506912
-1.5729676,-1.4026811
0.563482,0.641236
-0.023835406,-0.019391026
0.39411333,0.4082676
0.1102745,0.121888444
0.0,-0.0025929548
0.0,-0.0015591066
0.0,-0.023378354
-1.5727736,-1.4005955
0.563482,0.6428252
-0.023835406,-0.014170576
0.3630063,0.37888935
0.07622704,0.087720305
0.0,-0.0024592206
0.0,-0.0017564651
0.0,-0.022161853
-1.5726627,-1.3991134
0.563482,0.64439654
-0.023835406,-0.006699525
0.33190432,0.3497204
0.04216735,0.053612288
0.0,-0.0020960756
0.0,-0.001827782
0.0,-0.020842489
-1.5725685,-1.3981854
0.563482,0.64572823
-0.023835406,0.002868794
0.30080533,0.32068288
0.008100434,0.019502208
0.0,-0.0015146807
0.0,-0.0017823596
0.0,-0.019409481
-1.5725298,-1.3977894
0.563482,0.6466818
-0.023835406,0.014446832
0.2697074,0.29173714
-0.025970908,-0.014643848
0.0,-0.0007183701
0.0,-0.0016209986
0.0,-0.017855465
-1.5725129,-1.3979638
0.563482,0.6471605
-0.023835406,0.027984697
0.23860978,0.26287332
-0.060044143,-0.048840836
0.0,0.0002938062
0.0,-0.0013417825
0.0,-0.016174775
-1.5725133,-1.3987318
0.563482,0.64709854
-0.023835406,0.043443102
0.2075127,0.23409459
-0.09411658,-0.083091184
0.0,0.0015235357
0.0,-0.0009429883
0.0,-0.01436555
-1.5725073,-1.4001192
0.563482,0.6464439
-0.023835406,0.0607728
0.17641497,0.20538026
-0.12818782,-0.11743301
0.0,0.0029489659
0.0,-0.0004164297
0.0,-0.012422424
-1.5725286,-1.4021395
0.563482,0.64518243
-0.023835406,0.079834566
0.14531581,0.17674014
-0.1622572,-0.15183277
0.0,0.004567776
0.0,0.0002424214
0.0,-0.01034639
-1.5725648,-1.4048333
0.563482,0.64331347
-0.023835406,0.10057917
0.114215836,0.14818543
-0.19632256,-0.1862527
0.0,0.0063734837
0.0,0.0010354426
0.0,-0.008140348
-1.572577,-1.4082166
0.563482,0.6408483
-0.023835406,0.12291625
0.08311432,0.11972956
-0.230383,-0.22065169
0.0,0.008356612
0.0,0.0019613374
0.0,-0.005808888
-1.5726203,-1.4122764
0.563482,0.63780755
-0.023835406,0.14671783
0.051979046,0.09137972
-0.26447165,-0.2549856
0.0,0.010504153
0.0,0.003017717
0.0,-0.003358787
-1.5726804,-1.4170263
0.563482,0.6342156
-0.023835406,0.1718288
0.020871323,0.06312813
-0.29851788,-0.28922966
0.0,0.012801174
0.0,0.0041995663
0.0,-0.0007977113
-1.5727681,-1.4224465
0.563482,0.6301058
-0.023835406,0.19806021
-0.010240969,0.03501151
-0.33254957,-0.32330897
0.0,0.015227925
0.0,0.0054982584
0.0,0.0018635746
-1.5728966,-1.428507
0.563482,0.62551594
-0.023835406,0.22519684
-0.04125015,0.0070344023
-0.36664808,-0.35718077
0.0,0.01776534
0.0,0.0069035897
0.0,0.004613312
-1.5447215,-1.4351686
0.563482,0.62048864
4.1382136,0.25299925
-0.060056098,0.07892443
-0.41989386,-0.30185938
0.0,0.036064196
0.0,0.015625156
0.0,-0.009180665
-1.1055253,-0.8682052
0.563482,0.4978145
2.5358617,2.2745333
-0.051318794,-0.15589483
-0.48159936,-0.35932922
0.0,0.0063599832
0.0,0.0007569343
0.0,0.038312856
-0.831911,-0.9039069
0.563482,0.579717
1.5696006,1.2770422
-0.021609306,-0.09867999
-0.5172615,-0.5502284
0.0,0.00084133446
0.0,0.035701558
0.0,0.048451982
-0.6609908,-0.766039
0.563482,0.5848647
0.9745581,0.751263
0.0141863115,-0.03159995
-0.53075236,-0.64448947
0.0,-0.014646407
0.0,0.055457044
0.0,0.041432198
-0.5539124,-0.6371826
0.563482,0.57281125
0.60355866,0.57805336
0.05093077,2.444163e-05
-0.5311856,-0.6335386
0.0,-0.022846531
0.0,0.05174351
0.0,0.026169416
-0.48654446,-0.5722726
0.563482,0.5689031
0.37147534,0.5494804
0.08744004,0.025374424
-0.5232863,-0.58160585
0.0,-0.01990357
0.0,0.03990074
0.0,0.007815882
-0.44386333,-0.55118895
0.563482,0.57483846
0.22503112,0.53120583
0.12346887,0.054990534
-0.5101756,-0.52813685
0.0,-0.009648632
0.0,0.029068585
0.0,-0.00793514
-0.41696444,-0.53682286
0.563482,0.5890267
0.13316204,0.493979
0.1590613,0.08938435
-0.4938154,-0.4876005
0.0,0.003766533
0.0,0.020698953
0.0,-0.01844437
-0.39994693,-0.5164146
0.563482,0.608424
0.075295664,0.4476078
0.19432339,0.12793142
-0.4754179,-0.45896116
0.0,0.016689997
0.0,0.014150398
0.0,-0.023990694
-0.38910362,-0.4930088
0.563482,0.62705463
0.03857375,0.3967468
0.22935511,0.16898713
-0.45573598,-0.43535897
0.0,0.026206043
0.0,0.008777405
0.0,-0.025558926
-0.3822227,-0.46914005
0.563482,0.6401546
0.0153849,0.34599328
0.26426676,0.22570351
-0.4352191,-0.4329608
0.0,0.029943306
0.0,0.0024440615
0.0,-0.016451951
-0.37785843,-0.43189448
0.563482,0.63561076
0.0007453838,0.28155658
0.2990059,0.26640874
-0.41422647,-0.4177251
0.0,0.02241252
0.0,-0.0002737902
0.0,-0.0035084672
-0.37504297,-0.40874285
0.563482,0.61541396
-0.023835406,0.24219441
0.33371308,0.29847434
-0.39288285,-0.39567375
0.0,0.016507242
0.0,-0.0014182348
0.0,0.0038064588
-0.37322903,-0.39849252
0.563482,0.60216844
-0.023835406,0.19349961
0.3683768,0.32642713
-0.37132835,-0.37072542
0.0,0.012843881
0.0,-0.0020519886
0.0,0.007134339
-0.3720903,-0.38830158
0.563482,0.5982763
-0.023835406,0.18611912
0.40301284,0.35682383
-0.34963888,-0.34487402
0.0,0.010550488
0.0,-0.002850527
0.0,0.008797352
-0.37137976,-0.38485944
0.563482,0.5981371
-0.023835406,0.1782413
0.43763074,0.38914615
-0.32786414,-0.31831634
0.0,0.008943748
0.0,-0.0035685468
0.0,0.009698334
-0.3708946,-0.38279027
0.563482,0.5996946
-0.023835406,0.1741322
0.47223756,0.42272338
-0.30603564,-0.2914435
0.0,0.007798519
0.0,-0.004302252
0.0,0.010172839
-0.37059984,-0.38152292
0.563482,0.6022306
-0.023835406,0.17280135
0.5068375,0.45720923
-0.2841737,-0.26443923
0.0,0.006989952
0.0,-0.005037641
0.0,0.01040585
-0.37045392,-0.38082498
0.563482,0.6053675
-0.023835406,0.1736264
2.434147,2.2566476
-0.68365544,-0.7752833
0.0,-0.020626992
0.0,-0.05840233
0.0,-0.040885232
-0.2581415,-0.09816854
1.0825312,0.8396469
-0.023835406,-0.0880713
2.3940947,2.2139637
-0.7021205,-0.79477006
0.0,-0.015379995
0.0,-0.059310086
0.0,-0.0394115
-0.2584597,-0.098851345
1.0825312,0.84255886
-0.023835406,-0.092794836
2.354036,2.1776938
-0.72054213,-0.8064898
0.0,-0.010582078
0.0,-0.060604848
0.0,-0.03823704
-0.25866678,-0.097493164
1.0825312,0.8465177
-0.023835406,-0.07977985
2.313972,2.1439872
-0.7389264,-0.8180027
0.0,-0.007269185
0.0,-0.06129101
0.0,-0.03701979
-0.25889915,-0.095200494
1.0825312,0.8516972
-0.023835406,-0.06604493
2.2738996,2.110922
-0.7572607,-0.8305637
0.0,-0.0050484277
0.0,-0.0614352
0.0,-0.035683688
-0.25936767,-0.09277055
1.0825312,0.85779345
-0.023835406,-0.05509116
2.2335868,2.0778248
-0.77405584,-0.84383184
0.0,-0.0034485199
0.0,-0.06122271
0.0,-0.03424652
-0.27838674,-0.090470314
1.0825312,0.86448854
-0.14420588,-0.04633444
2.1929216,2.0543616
-0.78805864,-0.8404906
0.0,-0.0001893416
0.0,-0.06271828
0.0,-0.027594302
-0.2895278,-0.14041723
1.0825312,0.8683462
-0.07998556,-0.13654768
2.1521134,2.0189698
-0.80073667,-0.86161536
0.0,-0.0013790466
0.0,-0.05980426
0.0,-0.028574541
-0.29464373,-0.11061937
1.0825312,0.87177753
-0.050563313,-0.049277958
2.1112454,1.9813219
-0.81280535,-0.872212
0.0,-0.00080573186
0.0,-0.05976724
0.0,-0.02833056
-0.29700246,-0.11355889
1.0825312,0.8816302
-0.023835406,-0.039833773
2.0703516,1.9421502
-0.8245932,-0.8834416
0.0,-0.0005316436
0.0,-0.057910033
0.0,-0.027512833
-0.2980782,-0.1061715
1.0825312,0.8913497
-0.023835406,-0.018265706
2.0294452,1.9053245
-0.8362514,-0.8916349
0.0,0.00046227127
0.0,-0.05686242
0.0,-0.025854148
-0.2985774,-0.10850707
1.0825312,0.90097725
-0.023835406,-0.020101387
1.988533,1.8694519
-0.8478488,-0.8999473
0.0,0.00138852
0.0,-0.0555714
0.0,-0.024242382
-0.29882666,-0.10714961
1.0825312,0.90976506
-0.023835406,-0.015928078
1.9476188,1.8340853
-0.85941696,-0.9079549
0.0,0.0024204068
0.0,-0.05450385
0.0,-0.022722565
-0.29893634,-0.1064548
1.0825312,0.9183897
-0.023835406,-0.013205055
1.9067031,1.7988588
-0.87097085,-0.9158171
0.0,0.0034427904
0.0,-0.053430133
0.0,-0.021197043
-0.2989909,-0.10553307
1.0825312,0.9267919
-0.023835406,-0.010688372
1.865786,1.7636521
-0.8825169,-0.92360127
0.0,0.0044555105
0.0,-0.052369192
0.0,-0.019656114
-0.29903287,-0.104662076
1.0825312,0.93498003
-0.023835406,-0.008643277
1.8248693,1.7284048
-0.8940583,-0.9313366
0.0,0.005454462
0.0,-0.05131062
0.0,-0.01809049
-0.29905358,-0.103842326
1.0825312,0.9429361
-0.023835406,-0.006963566
1.7839521,1.6932606
-0.90559614,-0.93880177
0.0,0.006562423
0.0,-0.050317712
0.0,-0.016557205
-0.29906583,-0.10313096
1.0825312,0.95061475
-0.023835406,-0.005199492
1.7430341,1.6579263
-0.9171314,-0.9468221
0.0,0.007475365
0.0,-0.04921949
0.0,-0.014922962
-0.2990816,-0.10246704
1.0825312,0.95820946
-0.023835406,-0.0045123473
1.7021166,1.6224041
-0.9286638,-0.9551721
0.0,0.0082887
0.0,-0.048069187
0.0,-0.013231218
-0.29910314,-0.10186637
1.0825312,0.96567017
-0.023835406,-0.0045946576
1.6611987,1.5866749
-0.9401937,-0.96378493
0.0,0.009035405
0.0,-0.046887554
0.0,-0.011498302
-0.29911277,-0.10132777
1.0825312,0.9729657
-0.023835406,-0.005356889
1.62028,1.5507767
-0.9517209,-0.97254145
0.0,0.009766411
0.0,-0.045705207
0.0,-0.009751044
-0.29912227,-0.100849606
1.0825312,0.9800552
-0.023835406,-0.0066021383
1.5793205,1.5147161
-0.9632568,-0.98145837
0.0,0.010481637
0.0,-0.04452408
0.0,-0.007991064
-0.2991528,-0.10044043
1.0825312,0.9869146
-0.023835406,-0.0083115995
1.538402,1.4784789
-0.97477806,-0.99056137
0.0,0.011182357
0.0,-0.043343883
0.0,-0.0062196497
-0.29916447,-0.100122154
1.0825312,0.9935252
-0.023835406,-0.010460895
1.4974827,1.4420996
-0.98629636,-0.99984694
0.0,0.011867035
0.0,-0.042165942
0.0,-0.0044392403
-0.29917648,-0.09987207
1.0825312,0.9998548
-0.023835406,-0.01299604
1.4565631,1.4055789
-0.99781126,-1.0093312
0.0,0.012537565
0.0,-0.04098903
0.0,-0.0026524216
-0.29921117,-0.099718556
1.0825312,1.0058845
-0.023835406,-0.015884455
1.4156436,1.3689191
-1.0093224,-1.019022
0.0,0.013196666
0.0,-0.03980936
0.0,-0.0008616671
-0.29922646,-0.09969272
1.0825312,1.0115906
-0.023835406,-0.01906586
1.3747232,1.3321286
-1.0208298,-1.0289216
0.0,0.0138455145
0.0,-0.03862272
0.0,0.00092978776
-0.29924434,-0.09979302
1.0825312,1.016953
-0.023835406,-0.02246632
1.3338025,1.2952148
-1.0323329,-1.0390284
0.0,0.014487769
0.0,-0.03742346
0.0,0.002718389
-0.2992839,-0.10005875
1.0825312,1.0219514
-0.023835406,-0.026012082
1.2928818,1.2581857
-1.0438312,-1.0493362
0.0,0.015127856
0.0,-0.03620339
0.0,0.0044998378
-0.2993047,-0.10053703
1.0825312,1.0265666
-0.023835406,-0.02960888
1.2519602,1.2210567
-1.0553247,-1.0598339
0.0,0.015768949
0.0,-0.034954254
0.0,0.00626914
-0.29932988,-0.10124219
1.0825312,1.0307814
-0.023835406,-0.0331523
1.2110378,1.1838373
-1.0668124,-1.0705078
0.0,0.01641642
0.0,-0.03366596
0.0,0.008020862
-0.29937908,-0.102229215
1.0825312,1.03458
-0.023835406,-0.03653801
1.1701156,1.1465393
-1.0782937,-1.0813404
0.0,0.017076317
0.0,-0.03232675
0.0,0.009748839
-0.2994111,-0.103558525
1.0825312,1.0379483
-0.023835406,-0.0396492
1.1291922,1.1091784
-1.0897677,-1.0923129
0.0,0.01775309
0.0,-0.030925538
0.0,0.011446439
-0.29945025,-0.10525355
1.0825312,1.0408756
-0.023835406,-0.04236364
1.0882268,1.0717659
-1.1012449,-1.103405
0.0,0.018453266
0.0,-0.029450145
0.0,0.013106841
-0.29951802,-0.107375935
1.0825312,1.0433538
-0.023835406,-0.044570435
1.0473021,1.0342903
-1.1127002,-1.1146046
0.0,0.019184295
0.0,-0.027886596
0.0,0.014723664
-0.29957756,-0.109992415
1.0825312,1.04538
-0.023835406,-0.046159383
1.0063758,0.996794
-1.1241428,-1.1258783
0.0,0.019950774
0.0,-0.026224863
0.0,0.016289463
-0.2996554,-0.11311936
1.0825312,1.0469451
-0.023835406,-0.04700722
0.9654474,0.9592787
-1.1355684,-1.1372141
0.0,0.02075969
0.0,-0.02445336
0.0,0.017797885
-0.29978344,-0.116817154
1.0825312,1.048054
-0.023835406,-0.047035072
0.9245174,0.9217449
-1.1469678,-1.1485971
0.0,0.02161866
0.0,-0.022560015
0.0,0.019243604
-0.29997975,-0.121144034
1.0825312,1.0487103
-0.023835406,-0.046161514
0.88358134,0.88419557
-1.1583099,-1.1600162
0.0,0.022534747
0.0,-0.020534419
0.0,0.0206219
-0.2990522,-0.126147
1.0825312,1.0489223
0.71648794,-0.044323828
0.84432906,0.7504833
-1.1792703,-1.1683756
0.0,0.020108853
0.0,0.0052593444
0.0,0.012823655
-0.21605983,-0.016230669
1.0825312,1.0808212
0.2353766,0.5664434
-2.2953315,-2.0220416
0.032978028,0.089775845
0.0,0.05116765
0.0,0.039961513
0.0,0.015471653
-0.8055498,-0.7054155
-0.9936662,-0.9015596
-0.023835406,-0.043384377
-2.2752442,-2.0114732
0.05239469,0.10060041
0.0,0.049283225
0.0,0.04124429
0.0,0.012827614
-0.8064627,-0.7131788
-0.9936662,-0.8999802
-0.023835406,-0.055286597
-2.2551386,-2.0021718
0.07175613,0.10906094
0.0,0.047611553
0.0,0.040948078
0.0,0.010547427
-0.8069407,-0.7115557
-0.9936662,-0.9050364
-0.023835406,-0.07029101
-2.2350054,-1.9884243
0.09110811,0.11761069
0.0,0.04781914
0.0,0.039638355
0.0,0.008205871
-0.807148,-0.709614
-0.9936662,-0.9134601
-0.023835406,-0.07526611
-2.2149074,-1.973377
0.110406965,0.12736979
0.0,0.04823612
0.0,0.038277496
0.0,0.006874623
-0.80726326,-0.7092318
-0.9936662,-0.9191813
-0.023835406,-0.07526833
-2.1947873,-1.9584827
0.12971757,0.13847612
0.0,0.048607614
0.0,0.037080593
0.0,0.006131783
-0.80733293,-0.7104674
-0.9936662,-0.92289466
-0.023835406,-0.074491605
-2.1746652,-1.9432919
0.14902414,0.150018
0.0,0.048984442
0.0,0.03603764
0.0,0.0055907816
-0.807376,-0.7125138
-0.9936662,-0.9259994
-0.023835406,-0.07326341
-2.154542,-1.9277099
0.16832826,0.16175567
0.0,0.04939175
0.0,0.035066962
0.0,0.0051028263
-0.8074092,-0.7148979
-0.9936662,-0.9290304
-0.023835406,-0.07172525
-2.134418,-1.9117714
0.1876305,0.17367119
0.0,0.04982135
0.0,0.034113046
0.0,0.004626518
-0.8074376,-0.71739334
-0.9936662,-0.9321089
-0.023835406,-0.070020646
-2.1142945,-1.8955199
0.2069304,0.18578453
0.0,0.050260644
0.0,0.033146113
0.0,0.0041525587
-0.80743647,-0.7198926
-0.9936662,-0.93524957
-0.023835406,-0.06824654
-2.0941703,-1.8789902
0.22622864,0.19811518
0.0,0.050700407
0.0,0.032151114
0.0,0.0036788955
-0.8074551,-0.72232974
-0.9936662,-0.9384452
-0.023835406,-0.06646192
-2.0740454,-1.8621898
0.24552552,0.21063705
0.0,0.051136572
0.0,0.031121437
0.0,0.0031924546
-0.8074779,-0.7247068
-0.9936662,-0.94169736
-0.023835406,-0.06470522
-2.0539198,-1.8451391
0.26482102,0.22338729
0.0,0.051562306
0.0,0.030050527
0.0,0.0027016252
-0.8075017,-0.7269928
-0.9936662,-0.9449991
-0.023835406,-0.06299406
-2.033793,-1.8278458
0.2841152,0.23636402
0.0,0.05197456
0.0,0.028939748
0.0,0.002206618
-0.80754435,-0.72918284
-0.9936662,-0.9483435
-0.023835406,-0.061334576
-2.0136662,-1.8103162
0.3034067,0.2495644
0.0,0.052370865
0.0,0.027790379
0.0,0.0017072391
-0.80755395,-0.7312839
-0.9936662,-0.9517219
-0.023835406,-0.05973356
-1.9935391,-1.7925617
0.32269546,0.26298538
0.0,0.052748848
0.0,0.026604053
0.0,0.0012039151
-0.8075745,-0.7332709
-0.9936662,-0.9551302
-0.023835406,-0.058196876
-1.9734107,-1.7745913
0.3419813,0.27662238
0.0,0.053106893
0.0,0.025382224
0.0,0.00069570355
-0.807615,-0.735157
-0.9936662,-0.9585599
-0.023835406,-0.056730885
-1.9532812,-1.7564148
0.36126393,0.2904694
0.0,0.053442944
0.0,0.024126753
0.0,0.00018206611
-0.8076636,-0.736952
-0.9936662,-0.9620012
-0.023835406,-0.055342797
-1.9331498,-1.7380433
0.38054204,0.3045202
0.0,0.053755376
0.0,0.02283983
0.0,-0.00033725426
-0.8077267,-0.73865366
-0.9936662,-0.96544635
-0.023835406,-0.054039482
-1.9130158,-1.7194887
0.3998141,0.31876785
0.0,0.054042723
0.0,0.021523915
0.0,-0.0008628089
-0.8078473,-0.740266
-0.9936662,-0.96888494
-0.023835406,-0.052826595
-1.8928787,-1.7007614
0.41907367,0.3332026
0.0,0.05430388
0.0,0.020181699
0.0,-0.0013954937
-0.8080373,-0.7418144
-0.9936662,-0.9723048
-0.023835406,-0.0517109
-1.8727208,-1.6818734
0.43508634,0.34781268
0.0,0.054537486
0.0,0.018816264
0.0,-0.0019358285
-0.9082346,-0.7433159
-0.9936662,-0.9756925
-1.1142886,-0.050698336
-1.8498102,-1.5583683
0.4398333,0.35817915
0.0,0.0100392215
0.0,0.010853649
0.0,-0.009226199
-1.0133864,-0.6011165
-0.9936662,-1.00087
-0.5625796,-0.44299752
-1.8267907,-1.555319
0.4372876,0.32809857
0.0,0.023886476
0.0,0.013439358
0.0,-0.0044791643
-1.0655154,-0.7246823
-0.9936662,-0.98940265
-0.2903436,-0.3378891
-1.8040162,-1.5481375
0.43113562,0.33320245
0.0,0.036432277
0.0,0.01749214
0.0,-0.0047521833
-1.0913646,-0.85469556
-0.9936662,-0.9722351
-0.15592849,-0.22274767
-1.7814372,-1.5389985
0.42321485,0.34117964
0.0,0.042538363
0.0,0.019031812
0.0,-0.005440142
-1.1042389,-0.937052
-0.9936662,-0.9580029
-0.08927871,-0.14257687
-1.7589723,-1.5304639
0.41442087,0.34523478
0.0,0.04480127
0.0,0.019423012
0.0,-0.0053780247
-1.1106477,-0.9809094
-0.9936662,-0.9483025
-0.056269925,-0.096396714
-1.7365687,-1.5219727
0.4051931,0.34460866
0.0,0.045085076
0.0,0.019289762
0.0,-0.004970921
-1.1138525,-1.0019982
-0.9936662,-0.94232833
-0.03985133,-0.07284519
-1.7141964,-1.5128926
0.39574823,0.34025595
0.0,0.044293556
0.0,0.018924259
0.0,-0.004588628
-1.1154642,-1.0113605
-0.9936662,-0.9389024
-0.023835406,-0.062084097
-1.6918404,-1.5034044
0.386194,0.33353513
0.0,0.043152314
0.0,0.018473422
0.0,-0.0043851174
-1.116266,-1.0164627
-0.9936662,-0.9367696
-0.023835406,-0.05531558
-1.6694936,-1.4928714
0.37658504,0.3252288
0.0,0.041268032
0.0,0.018018076
0.0,-0.0043782927
-1.116691,-1.0175416
-0.9936662,-0.93621576
-0.023835406,-0.055135
-1.6471511,-1.4816295
0.36694843,0.3159064
0.0,0.039169904
0.0,0.017638294
0.0,-0.0042519625
-1.1168967,-1.0177245
-0.9936662,-0.93660605
-0.023835406,-0.056382697
-1.6248106,-1.4686518
0.35729784,0.30887932
0.0,0.037395637
0.0,0.0169221
0.0,-0.0039343257
-1.1169965,-1.0166122
-0.9936662,-0.9401094
-0.023835406,-0.055612486
-1.6024485,-1.4547331
0.34763083,0.30151242
0.0,0.035754528
0.0,0.016510801
0.0,-0.0036931597
-1.1170423,-1.0172216
-0.9936662,-0.942261
-0.023835406,-0.055091817
-1.5801089,-1.4402738
0.33797047,0.29391643
0.0,0.034217592
0.0,0.016229616
0.0,-0.003560776
-1.1170672,-1.0186456
-0.9936662,-0.9440005
-0.023835406,-0.05460595
-1.5577469,-1.4254527
0.32829934,0.28615287
0.0,0.03275994
0.0,0.016001334
0.0,-0.0035089366
-1.117059,-1.0204532
-0.9936662,-0.94564676
-0.023835406,-0.054064665
-1.535408,-1.4103703
0.31863877,0.27826816
0.0,0.03135718
0.0,0.015790606
0.0,-0.0035068616
-1.1170585,-1.0224426
-0.9936662,-0.9472742
-0.023835406,-0.053479288
-1.5130693,-1.3950945
0.3089793,0.27029902
0.0,0.029995974
0.0,0.01558245
0.0,-0.003535457
-1.1170403,-1.0245323
-0.9936662,-0.948889
-0.023835406,-0.05287267
-1.4907074,-1.379656
0.299312,0.26226535
0.0,0.02866828
0.0,0.015368903
0.0,-0.0035837311
-1.1170145,-1.0266721
-0.9936662,-0.95048785
-0.023835406,-0.052261647
-1.4683895,-1.3640633
0.28966668,0.2541483
0.0,0.027368981
0.0,0.015148615
0.0,-0.003648933
-1.1169778,-1.0288522
-0.9936662,-0.95206666
-0.023835406,-0.05166072
-0.1293288,-0.024907935
-0.5280643,-0.14720194
0.0,0.09775165
0.0,-0.03511387
0.0,-0.052732766
0.10191829,-1.4109302
1.0825312,1.2738284
-0.9802081,-0.4645959
-0.16876166,-0.036424555
-0.5062498,-0.19620782
0.0,0.11710243
0.0,-0.07874102
0.0,-0.053766035
0.0015340231,-0.33283326
1.0825312,1.3088651
-0.5939276,-0.24830188
-0.2046329,-0.08537277
-0.47035754,-0.34821442
0.0,0.074661374
0.0,-0.05919618
0.0,-0.04575032
-0.06001542,-0.09357798
1.0825312,1.2837688
-0.3963945,-0.048624728
-0.23763184,-0.10981324
-0.4270467,-0.47224215
0.0,0.040450726
0.0,-0.025421605
0.0,-0.026426427
-0.10397816,-0.12689075
1.0825312,1.2198775
-0.33410713,-0.06766777
-0.26772103,-0.13160294
-0.3778424,-0.5189388
0.0,0.016773146
0.0,-0.00085200556
0.0,-0.010941207
-0.1587318,-0.18570244
1.0825312,1.1472875
-0.9251203,-0.056045678
-0.2964101,-0.07064585
-0.32913944,-0.4592422
0.0,0.013125014
0.0,0.015948994
0.0,-0.01584977
-0.035422824,-0.29632342
1.0825312,1.0775867
1.4139119,-0.7338321
-0.33507562,-0.28199384
-0.30500087,-0.3255371
0.0,0.0048676245
0.0,-0.0032516196
0.0,-0.028979275
0.1030648,-0.036307264
1.0825312,1.1021978
0.6818296,1.3609872
-0.37618905,-0.43774238
-0.29747137,-0.34706667
0.0,-0.018348865
0.0,0.0058112824
0.0,0.009636587
0.17132097,-0.0652042
1.0825312,1.1215335
0.32753217,0.33167157
-0.4176028,-0.45206466
-0.298455,-0.33667985
0.0,-0.0143664405
0.0,0.004382195
0.0,0.011147195
-2.3750024,0.13109137
1.0825312,1.1145874
0.15350486,0.26908684
-0.4589317,-0.38800102
-0.30377364,-0.30374345
0.0,-0.0057940967
0.0,0.03556187
0.0,-0.0072347783
-2.3574743,-1.3889396
1.0825312,0.9443836
0.066368856,0.64008975
-0.5001941,-0.40295926
-0.3113221,-0.32280904
0.0,-0.013234541
0.0,0.046416022
0.0,0.01937307
-2.3483722,-1.7605841
1.0825312,0.9189453
0.022496298,0.66009575
-0.54134226,-0.42607614
-0.32002246,-0.3204584
0.0,-0.016322888
0.0,0.046417996
0.0,0.030840762
-2.3435752,-1.8315859
1.0825312,0.9365218
0.00033818846,0.6211061
-0.5824468,-0.4459802
-0.32934445,-0.32399768
0.0,-0.01454195
0.0,0.042399004
0.0,0.03545477
-2.3409595,-1.8370271
1.0825312,0.9571445
-0.023835406,0.5692435
-0.6235251,-0.46162066
-0.33901155,-0.33631825
0.0,-0.010319248
0.0,0.03760664
0.0,0.037542515
-2.3394387,-1.832919
1.0825312,0.96978295
-0.023835406,0.5134395
-0.6645877,-0.47642922
-0.34888017,-0.35164273
0.0,-0.005259484
0.0,0.033964075
0.0,0.038540103
-2.3385425,-1.8326628
1.0825312,0.97171116
-0.023835406,0.48627338
-0.70564044,-0.492006
-0.358877,-0.36246142
0.0,-0.000732407
0.0,0.031000674
0.0,0.039242707
-2.3379357,-1.8381368
1.0825312,0.96679735
-0.023835406,0.46818826
-0.7464692,-0.5104756
-0.3683694,-0.37611988
0.0,0.0022517852
0.0,0.02964554
0.0,0.040970698
-2.3539276,-1.8474933
1.0825312,0.95870936
-0.28559953,0.45159167
-0.78785163,-0.5138239
-0.37323087,-0.3853523
0.0,0.0028501414
0.0,0.026696924
0.0,0.04484214
-2.378982,-1.8417032
1.0825312,0.96835655
-0.1536296,0.240019
-0.8293114,-0.53700304
-0.37496847,-0.3932721
0.0,0.010587495
0.0,0.02704173
0.0,0.040524416
-2.3913984,-1.8523318
1.0825312,0.9573813
-0.08929411,0.3560739
-0.8707783,-0.56297004
-0.37514815,-0.38830188
0.0,0.010696705
0.0,0.026607702
0.0,0.04089094
0.18288213,-1.8718657
1.0825312,0.9505953
-0.057560515,0.4136216
-0.91224074,-0.5916155
-0.37451074,-0.50776225
0.0,0.048326377
0.0,0.024484592
0.0,0.032125086
0.17947152,-0.59755445
1.0825312,1.016699
-0.04042424,-0.009553846
-0.9536994,-0.6865978
-0.37344247,-0.5254267
0.0,0.043107685
0.0,0.006094832
0.0,0.008143924
0.1777199,-0.03462702
1.0825312,1.0680548
-0.023835406,-0.11723602
-0.9951551,-0.7792834
-0.37215212,-0.5002945
0.0,0.043506887
0.0,0.0069353348
0.0,-0.007499328
0.17683111,0.10589076
1.0825312,1.0714709
-0.023835406,-0.028763924
-1.0366088,-0.84075505
-0.37074596,-0.45511746
0.0,0.041161787
0.0,0.010362355
0.0,-0.01261694
0.17635156,0.11108635
1.0825312,1.0465451
-0.023835406,0.063958846
-1.0780622,-0.88723063
-0.36927947,-0.41633362
0.0,0.035089906
0.0,0.011901284
0.0,-0.0141638
0.17609961,0.09886417
1.0825312,1.0233841
-0.023835406,0.12465747
-1.119515,-0.9272717
-0.36778307,-0.39026028
0.0,0.02845538
0.0,0.01205883
0.0,-0.014597692
0.17600326,0.09256295
1.0825312,1.0060784
-0.023835406,0.15800108
-1.160967,-0.9645897
-0.36627668,-0.3752311
0.0,0.023009371
0.0,0.011955007
0.0,-0.014508694
0.17599742,0.09183896
1.0825312,0.9941307
-0.023835406,0.1727977
-1.2024186,-1.0009476
-0.36485168,-0.36757338
0.0,0.019143384
0.0,0.01209705
0.0,-0.014233105
0.17817621,0.09315853
1.0825312,0.98610175
0.01526578,0.17708853
-1.243875,-1.0379769
-0.36407587,-0.3651855
0.0,0.016642686
0.0,0.011088935
0.0,-0.013688229
0.18174042,0.090997554
1.0825312,0.9823165
-0.005388643,0.2170098
-1.2853341,-1.0736642
-0.3637292,-0.36377782
0.0,0.014661182
0.0,0.012163267
0.0,-0.012950122
0.1833686,0.09403201
1.0825312,0.97691923
-0.023835406,0.18601857
-1.3267947,-1.1079433
-0.36357963,-0.36340725
0.0,0.0149479695
0.0,0.012726909
0.0,-0.012937803
0.1841069,0.0965083
1.0825312,0.9751822
-0.023835406,0.15811005
-1.368256,-1.1428483
-0.36352056,-0.36344448
0.0,0.015403125
0.0,0.012701493
0.0,-0.013205126
0.18445954,0.09554821
1.0825312,0.9750354
-0.023835406,0.15217055
-1.4097583,-1.1778036
-0.3635067,-0.36352253
0.0,0.015625965
0.0,0.012639062
0.0,-0.0133553445
-2.395855,0.092647664
1.0825312,0.97432584
-0.023835406,0.14518462
-1.4511793,-0.92730665
-0.3635395,-0.2387034
0.0,0.027178768
0.0,0.03792032
0.0,-0.041727066
-2.3955634,-1.2337159
1.0825312,0.87849736
-0.023835406,0.54998493
-1.4926419,-0.92391765
-0.36360955,-0.2527705
0.0,0.011135023
0.0,0.025099985
0.0,0.008238549
-2.3954291,-1.695033
1.0825312,0.8599807
-0.023835406,0.53156203
-1.5341039,-0.93944556
-0.36369616,-0.25631756
0.0,0.008105885
0.0,0.015853308
0.0,0.03220151
-2.395365,-1.82415
1.0825312,0.8666961
-0.023835406,0.4953796
-1.5755662,-0.9482466
-0.3637895,-0.26191515
0.0,0.008361232
0.0,0.009796744
0.0,0.042655908
-2.395341,-1.8654232
1.0825312,0.875384
-0.023835406,0.46050137
-1.6170292,-0.95437664
-0.36388505,-0.2675593
0.0,0.010496508
0.0,0.0057266103
0.0,0.04722551
-2.3953388,-1.8828704
1.0825312,0.8793863
-0.023835406,0.43331802
-1.6584911,-0.9617111
-0.3639808,-0.27009505
0.0,0.013383489
0.0,0.002935307
0.0,0.048839197
-2.39534,-1.8926479
1.0825312,0.87879664
-0.023835406,0.413123
-1.6999534,-0.9715631
-0.36407575,-0.26927754
0.0,0.01640797
0.0,0.0008718055
0.0,0.04900399
-2.3953443,-1.8991454
1.0825312,0.8752328
-0.023835406,0.39750814
-0.40556177,-0.43513379
-0.10997907,0.13479254
0.0,0.014320124
0.0,-0.016715333
0.0,-0.05476059
0.81547946,0.9826078
1.0825312,1.2408442
-0.3420045,0.067091234
-0.43914402,-0.4414223
-0.068029694,0.0903395
0.0,0.03175274
0.0,-0.002495693
0.0,-0.05514674
0.7809089,0.89424884
1.0825312,1.1832392
-0.23643434,0.022763073
-0.47090667,-0.433788
-0.022075428,0.040366087
0.0,0.018243339
0.0,-0.0014279895
0.0,-0.043803036
0.7553021,0.8122621
1.0825312,1.1282156
-0.21133763,0.03452354
-0.50078374,-0.43760222
0.027492534,0.05293448
0.0,0.002923105
0.0,-0.0050143637
0.0,-0.033728987
0.7135535,0.77082205
1.0825312,1.0895461
1.4103895,0.02521216
-0.5329526,-0.49918482
0.07137763,-0.021047635
0.0,0.01900014
0.0,-0.027675964
0.0,-0.034122594
0.84193903,0.5585023
1.0825312,1.1087798
0.6877513,1.4656464
-0.57060444,-0.5276836
0.10081541,0.041498955
0.0,0.008546878
0.0,-0.03212895
0.0,-0.008984271
0.90903175,0.7129559
1.0825312,1.0636411
0.30833733,0.32544458
-0.6100283,-0.53267646
0.122706935,0.08787739
0.0,0.010079283
0.0,-0.03331708
0.0,-0.0012984611
0.9403136,0.919287
1.0825312,1.0916946
0.13206552,0.05682978
-0.650099,-0.5577249
0.14095183,0.13090944
0.0,0.016658586
0.0,-0.027164407
0.0,-0.0057053734
0.95499414,1.0055184
1.0825312,1.1084481
0.04964597,0.01720899
-0.690471,-0.57952774
0.15747671,0.1729239
0.0,0.02225544
0.0,-0.021704458
0.0,-0.01388371
0.9619024,1.0287642
1.0825312,1.1086435
0.011003132,0.04943328
-0.73091656,-0.6051454
0.17316471,0.20565513
0.0,0.02305035
0.0,-0.019304477
0.0,-0.021899294
0.96515846,1.0306306
1.0825312,1.1025484
-0.0071176845,0.07423508
-0.77141416,-0.6379996
0.18846501,0.2289988
0.0,0.020365242
0.0,-0.01873374
0.0,-0.028220586
0.96669847,1.0252982
1.0825312,1.0930339
-0.023835406,0.09161447
-0.811935,-0.67703146
0.20358075,0.24747895
0.0,0.016055655
0.0,-0.019079793
0.0,-0.032521136
0.96742404,1.0195458
1.0825312,1.0821868
-0.023835406,0.092236534
-0.85246736,-0.7218654
0.2186086,0.2607549
0.0,0.011558164
0.0,-0.020033963
0.0,-0.03496235
0.96777904,1.015005
1.0825312,1.0719142
-0.023835406,0.10675576
-0.89300585,-0.76872414
0.23359421,0.27338582
0.0,0.007404413
0.0,-0.02126662
0.0,-0.035995357
0.9679553,1.0135711
1.0825312,1.0617993
-0.023835406,0.114487246
-0.9335462,-0.820123
0.24855855,0.28965634
0.0,0.0029100962
0.0,-0.02164413
0.0,-0.033812344
0.9680326,1.0192477
1.0825312,1.056739
-0.023835406,0.12534931
-0.97412866,-0.8689167
0.26352707,0.30212957
0.0,0.0006283447
0.0,-0.021836005
0.0,-0.032915648
0.96808255,1.0217338
1.0825312,1.0560579
-0.023835406,0.13022676
-1.0146719,-0.9156816
0.27847475,0.31395358
0.0,-0.00065075234
0.0,-0.02205507
0.0,-0.032598734
0.96811616,1.0230143
1.0825312,1.0563705
-0.023835406,0.13323022
-1.0552151,-0.9616909
0.29341835,0.32590228
0.0,-0.001552064
0.0,-0.022291057
0.0,-0.032442898
0.96812487,1.0238423
1.0825312,1.0569719
-0.023835406,0.13555762
-1.0957586,-1.0075186
0.3083591,0.33796683
0.0,-0.0023070425
0.0,-0.02250762
0.0,-0.032296337
0.96814406,1.0243833
1.0825312,1.0577048
-0.023835406,0.13756955
-1.136303,-1.0534027
0.32329747,0.35006118
0.0,-0.003009852
0.0,-0.022682786
0.0,-0.03209923
0.9681628,1.024703
1.0825312,1.0585184
-0.023835406,0.13937527
-1.1768879,-1.0994397
0.33824816,0.36214143
0.0,-0.0036994517
0.0,-0.02280569
0.0,-0.03182799
0.9681707,1.0248151
1.0825312,1.059389
-0.023835406,0.14102216
-1.2174321,-1.1456536
0.35318094,0.3742003
0.0,-0.0043900125
0.0,-0.022874847
0.0,-0.0314792
0.9681914,1.0247041
1.0825312,1.0602568
-0.023835406,0.1425108
-1.2579775,-1.192075
0.36811072,0.38623488
0.0,-0.005094886
0.0,-0.022886362
0.0,-0.03103957
0.9682127,1.0244194
1.0825312,1.0611364
-0.023835406,0.14389415
-1.2985638,-1.2386843
0.38305143,0.39825723
0.0,-0.0058119595
0.0,-0.022840943
0.0,-0.030514564
0.968237,1.0239632
1.0825312,1.0620154
-0.023835406,0.14517389
-1.3391098,-1.2854729
0.39797172,0.41028717
0.0,-0.006538864
0.0,-0.022740055
0.0,-0.029909749
0.96827555,1.0233384
1.0825312,1.0628767
-0.023835406,0.14635274
-1.379657,-1.3323761
0.41288406,0.42232168
0.0,-0.0072737
0.0,-0.022586327
0.0,-0.029232409
0.9683383,1.0225621
1.0825312,1.0637106
-0.023835406,0.14742458
-1.420207,-1.3793603
0.42777967,0.43436655
0.0,-0.008013677
0.0,-0.02238157
0.0,-0.028488513
0.96806747,1.0216522
1.0825312,1.0644963
-0.10754381,0.14839283
-1.460658,-1.4285315
0.4434934,0.46725425
0.0,-0.011166491
0.0,-0.022096552
0.0,-0.02793222
0.9601257,1.0316881
1.0825312,1.0636541
-0.06252563,0.056244355
-1.5009791,-1.4815903
0.46014675,0.47144142
0.0,-0.010667495
0.0,-0.020789444
0.0,-0.027337987
0.95643014,1.0169046
1.0825312,1.0710082
-0.04161731,0.1393416
-1.5412371,-1.5245622
0.47723702,0.48096672
0.0,-0.011798609
0.0,-0.020542003
0.0,-0.027203303
0.95470464,1.00566
1.0825312,1.0684961
-0.023835406,0.15555072
-1.5814648,-1.5677503
0.4945303,0.48977193
0.0,-0.012533378
0.0,-0.020769164
0.0,-0.026447244
0.95389557,0.99814796
1.0825312,1.066928
-0.023835406,0.16828899
-1.6216784,-1.6117123
0.5119184,0.50267625
0.0,-0.013455726
0.0,-0.020998243
0.0,-0.025281426
0.95352864,0.9956585
1.0825312,1.0648955
-0.023835406,0.15954965
-1.6618857,-1.6570485
0.52935076,0.51631206
0.0,-0.014053807
0.0,-0.020959988
0.0,-0.023964535
0.953358,0.9939128
1.0825312,1.0642842
-0.023835406,0.15669055
-1.7020895,-1.7025155
0.5468028,0.5307665
0.0,-0.014602248
0.0,-0.020727403
0.0,-0.022721972
0.95326847,0.99230623
1.0825312,1.0638942
-0.023835406,0.15532985
-1.7422922,-1.7478596
0.5642641,0.54561555
0.0,-0.015169945
0.0,-0.020398442
0.0,-0.021574333
0.95324194,0.99075085
1.0825312,1.0636272
-0.023835406,0.15480152
-1.7824948,-1.7929171
0.58172953,0.56049746
0.0,-0.015775051
0.0,-0.020003188
0.0,-0.02049049
0.95323443,0.9892492
1.0825312,1.0633392
-0.023835406,0.15456505
-1.8226964,-1.8375602
0.59919584,0.5752326
0.0,-0.01641674
0.0,-0.019562244
0.0,-0.019438881
0.9532161,0.9877466
1.0825312,1.0629123
-0.023835406,0.15438543
-1.8628981,-1.8812426
0.6166623,0.58942604
0.0,-0.017065506
0.0,-0.01906151
0.0,-0.018387549
0.9532256,0.98610014
1.0825312,1.0620193
-0.023835406,0.15358028
-1.9031004,-1.9244647
0.6341285,0.6034516
0.0,-0.017797388
0.0,-0.018547565
0.0,-0.01734138
0.9532389,0.9845629
1.0825312,1.060621
-0.023835406,0.15317945
-1.9433025,-1.9670979
0.6515936,0.6172799
0.0,-0.01857074
0.0,-0.018027578
0.0,-0.016292248
0.95322794,0.9831475
1.0825312,1.0587883
-0.023835406,0.15294136
